Invoice,Supplier,Date,Total Amount (৳),Item Type,Item Name,Item SKU,Size (ml),Quantity,Cost/Unit (৳),Total Cost (৳),Notes
,Amanat Attar House ,,,,,,,50,,,
,Amanat Attar House ,,,,,,,55,,,
,Amanat Attar House ,,,,,,,12,,,
,,,,,,,,1,,,
,,,,,,,,1,,,
,,,,,,,,6,,,
,,,,,,,,12,,,
,Amanat Attar House ,,,,,,,16,,,
,Amanat Attar House ,,,,,,,250,,,
,Amanat Attar House ,,,,,,,30,,,
,Amanat Attar House ,,,,,,,20,,,
,Amanat Attar House ,,,,,,,60,,,New Item  
,Amanat Attar House ,,,,,,,20,,,New Item  
,Amanat Attar House ,,,,,,,50,,,New Item  
,Amanat Attar House ,,,,,,,30,,,New Item  
,Amanat Attar House ,,,,,,,30,,,New Item  
,Amanat Attar House ,,,,,,,30,,,New Item  
,Amanat Attar House ,,,,,,,30,,,New Item  
,Amanat Attar House ,,,,,,,30,,,New Item  
,Amanat Attar House ,,,,,,,20,,,New Item  
,Amanat Attar House ,,,,,,,30,,,New Item  
,Amanat Attar House ,,,,,,,30,,,New Item  
,Amanat Attar House ,,,,,,,30,,,New Item  
,Amanat Attar House ,,,,,,,30,,,New Item  
,Amanat Attar House ,,,,,,,30,,,New Item  
,Amanat Attar House ,,,,,,,30,,,New Item  
,Amanat Attar House ,,,,,,,30,,,New Item  
,Amanat Attar House ,,,,,,,30,,,New Item  
,Amanat Attar House ,,,,,,,30,,,New Item  
,Amanat Attar House ,,,,,,,30,,,New Item  
,Amanat Attar House ,,,,,,,20,,,New Item  
,Amanat Attar House ,,,,,,,30,,,New Item  
,Amanat Attar House ,,,,,,,24,,,New Item  
,Amanat Attar House ,,,,,,,12,,,New Item  
,Amanat Attar House ,,,,,,,6,,,New Item  
,Amanat Attar House ,,,,,,,6,,,New Item  
,Amanat Attar House ,,,,,,,15,,,
,Amanat Attar House ,,,,,,,30,,,
,Amanat Attar House ,,,,,,,17.5,,,9th
,Amanat Attar House ,,,,,,,3,,,9th
,Amanat Attar House ,,,,,,,1,,,
,Amanat Attar House ,,,,,,,8,,,
,Amanat Attar House ,,,,,,,60,,,Adjust
,Amanat Attar House ,,,,,,,50,,,Adjust
,Amanat Attar House ,,,,,,,30,,,Adjust
,Amanat Attar House ,,,,,,,1,,,Adjust
,Amanat Attar House ,,,,,,,30,,,Adjust
,Amanat Attar House ,,,,,,,30,,,Adjust
,Amanat Attar House ,,,,,,,15,,,Adjust
,Amanat Attar House ,,,,,,,30,,,
,Amanat Attar House ,,,,,,,6,,,
,Amanat Attar House ,,,,,,,50,,,8th
,Amanat Attar House ,,,,,,,40,,,8th
,Amanat Attar House ,,,,,,,30,,,8th
,Amanat Attar House ,,,,,,,50,,,7th
,Amanat Attar House ,,,,,,,50,,,7th
,Amanat Attar House ,,,,,,,50,,,7th
,Amanat Attar House ,,,,,,,50,,,7th
,Amanat Attar House ,,,,,,,50,,,7th
,Amanat Attar House ,,,,,,,50,,,7th
,Amanat Attar House ,,,,,,,30,,,7th
,Amanat Attar House ,,,,,,,60,,,7th
,Amanat Attar House ,,,,,,,50,,,7th
,Amanat Attar House ,,,,,,,30,,,7th
,Amanat Attar House ,,,,,,,50,,,
,Amanat Attar House ,,,,,,,30,,,
,Amanat Attar House ,,,,,,,30,,,
,Amanat Attar House ,,,,,,,30,,,
,Amanat Attar House ,,,,,,,30,,,
,Amanat Attar House ,,,,,,,30,,,
,Amanat Attar House ,,,,,,,50,,,
,Amanat Attar House ,,,,,,,50,,,
,Amanat Attar House ,,,,,,,30,,,
,Amanat Attar House ,,,,,,,50,,,
,Amanat Attar House ,,,,,,,30,,,
,Amanat Attar House ,,,,,,,36,,,
,Amanat Attar House ,,,,,,,24,,,
,Amanat Attar House ,,,,,,,25,,,
,Amanat Attar House ,,,,,,,50,,,
,Amanat Attar House ,,,,,,,50,,,
,Amanat Attar House ,,,,,,,50,,,
,Amanat Attar House ,,,,,,,50,,,
,Amanat Attar House ,,,,,,,50,,,
,Amanat Attar House ,,,,,,,50,,,
,Amanat Attar House ,,,,,,,2,,,
,Amanat Attar House ,,,,,,,1,,,
,Amanat Attar House ,,,,,,,250,,,
,Amanat Attar House ,,,,,,,70,,,
,Amanat Attar House ,,,,,,,50,,,
,Amanat Attar House ,,,,,,,50,,,
,Amanat Attar House ,,,,,,,50,,,
,Amanat Attar House ,,,,,,,50,,,
,Amanat Attar House ,,,,,,,72,,,
,Amanat Attar House ,,,,,,,10,,,
,Amanat Attar House ,,,,,,,50,,,3rd
,Amanat Attar House ,,,,,,,50,,,3rd
,Amanat Attar House ,,,,,,,30,,,3rd
,Amanat Attar House ,,,,,,,30,,,3rd
,Amanat Attar House ,,,,,,,30,,,3rd
,Amanat Attar House ,,,,,,,30,,,3rd
,Amanat Attar House ,,,,,,,30,,,3rd
,Amanat Attar House ,,,,,,,30,,,3rd
,Amanat Attar House ,,,,,,,30,,,3rd
,Amanat Attar House ,,,,,,,50,,,3rd
,Amanat Attar House ,,,,,,,50,,,3rd
,Amanat Attar House ,,,,,,,30,,,3rd
,Amanat Attar House ,,,,,,,30,,,3rd
,Amanat Attar House ,,,,,,,20,,,3rd
,Amanat Attar House ,,,,,,,20,,,3rd
,Amanat Attar House ,,,,,,,100,,,3rd
,Amanat Attar House ,,,,,,,60,,,3rd
,Amanat Attar House ,,,,,,,12,,,3rd
,Amanat Attar House ,,,,,,,6,,,3rd
,Amanat Attar House ,,,,,,,6,,,3rd
,Amanat Attar House ,,,,,,,30,,,3rd
,Amanat Attar House ,,,,,,,36,,,
,Amanat Attar House ,,,,,,,12,,,
,Amanat Attar House ,,,,,,,50,,,2nd
,Amanat Attar House ,,,,,,,30,,,2nd
,Amanat Attar House ,,,,,,,30,,,2nd
,Amanat Attar House ,,,,,,,10,,,2nd
,Amanat Attar House ,,,,,,,24,,,2nd
,Amanat Attar House ,,,,,,,6,,,2nd
,Amanat Attar House ,,,,,,,2,,,2nd
,Amanat Attar House ,,,,,,,50,,,1st
,Amanat Attar House ,,,,,,,50,,,1st
,Amanat Attar House ,,,,,,,50,,,1st
,Amanat Attar House ,,,,,,,50,,,1st
,Amanat Attar House ,,,,,,,50,,,1st
,Amanat Attar House ,,,,,,,50,,,1st
,Amanat Attar House ,,,,,,,50,,,1st
,Amanat Attar House ,,,,,,,50,,,1st
,Amanat Attar House ,,,,,,,50,,,1st
,Amanat Attar House ,,,,,,,50,,,1st
,Amanat Attar House ,,,,,,,50,,,1st
,Amanat Attar House ,,,,,,,50,,,1st
,Amanat Attar House ,,,,,,,50,,,1st
,Amanat Attar House ,,,,,,,50,,,1st
,Amanat Attar House ,,,,,,,6,,,1st
,Amanat Attar House ,,,,,,,6,,,1st
,Amanat Attar House ,,,,,,,12,,,1st
,Amanat Attar House ,,,,,,,2,,,1st
,Amanat Attar House ,,,,,,,250,,,1st