Invoice No,Date,Channel,Product Name,SKU,Type,Size (ml),Quantity,Unit Price (৳),Total (৳),Payment Status,Notes
INV-0552,2026-08-23,Other,Good Girl,GooGir,roll-on,6,1,125.00,125.00,due,Fatema
INV-0552,2026-08-23,Other,Chanel chance,ChaCha,roll-on,6,1,125.00,125.00,due,Fatema
INV-0550,2026-08-21,Other,Baccarat rouge,BacRou,roll-on,3.5,1,150.00,150.00,due,Sydney
INV-0549,2026-08-21,Other,victoriya secret,VicSec,roll-on,3.5,1,160.00,160.00,due,Sydney
INV-0549,2026-08-21,Other,victoriya secret Spray,VicSec_SP,spray,6,1,330.00,330.00,due,Sydney
INV-0549,2026-08-21,Other,Good Girl,GooGir,roll-on,3.5,1,150.00,150.00,due,Sydney
INV-0549,2026-08-21,Other,Ariana Grande thank you,AG-Thnk,roll-on,3.5,1,200.00,200.00,due,Sydney
INV-0549,2026-08-21,Other,Sultan (al-haramain),SUL,roll-on,3.5,1,200.00,200.00,due,Sydney
INV-0549,2026-08-21,Other,Black Orchid,BLOr,roll-on,3.5,1,180.00,180.00,due,Sydney
INV-0549,2026-08-21,Other,Burberry Her Spray,BurH_SP,spray,6,1,60.00,60.00,due,Sydney
INV-0551,2026-08-21,Other,Ariana Grande thank you Spray,AG-Thnk_SP,spray,15,1,140.00,140.00,paid,mohim
INV-0551,2026-08-21,Other,Ariana Grande Cloud,AGC,roll-on,3.5,1,150.00,150.00,paid,mohim
INV-0551,2026-08-21,Other,Ariana Grande thank you,AG-Thnk,roll-on,3.5,1,200.00,200.00,paid,mohim
INV-0551,2026-08-21,Other,Good Girl,GooGir,roll-on,3.5,1,150.00,150.00,paid,mohim
INV-0551,2026-08-21,Other,LOST Cherry,LostChe,roll-on,3.5,1,140.00,140.00,paid,mohim
INV-0551,2026-08-21,Other,Burberry Her,BurH,roll-on,3.5,1,150.00,150.00,paid,mohim
INV-0548,2026-08-19,Fair7,Vampire B.,VampB,roll-on,6,1,350.00,350.00,paid,multiple pucahse in one invoice
INV-0547,2026-08-19,Fair7,Good Girl,GooGir,roll-on,3.5,1,180.00,180.00,paid,
INV-0547,2026-08-19,Fair7,Dior Sauvage,DioSau,roll-on,3.5,1,180.00,180.00,paid,
INV-0547,2026-08-19,Fair7,Armanis.w.y Spray,ArmWy_SP,spray,15,1,650.00,650.00,paid,
INV-0547,2026-08-19,Fair7,le male elixir Spray,LeME__SP,spray,15,1,770.00,770.00,paid,
INV-0545,2026-08-18,Fair7,Vampire B.,VampB,roll-on,3.5,1,200.00,200.00,paid,
INV-0545,2026-08-18,Fair7,Diptyque tam dao,DipTam,roll-on,3.5,1,180.00,180.00,paid,
INV-0539,2026-08-18,Fair7,Dior Sauvage,DioSau,roll-on,6,1,280.00,280.00,paid,
INV-0539,2026-08-18,Fair7,Good Girl,GooGir,roll-on,3.5,1,160.00,160.00,paid,
INV-0539,2026-08-18,Fair7,Good Girl,GooGir,roll-on,3.5,1,180.00,180.00,paid,
INV-0540,2026-08-18,Fair7,Dunhill Icon,DunIco,roll-on,6,1,280.00,280.00,paid,
INV-0540,2026-08-18,Fair7,Nautica voyage,NV,roll-on,6,1,280.00,280.00,paid,
INV-0541,2026-08-18,Fair7,Fantasy,Fant,roll-on,3.5,1,150.00,150.00,paid,
INV-0543,2026-08-18,Fair7,Vampire B.,VampB,roll-on,3.5,1,200.00,200.00,paid,
INV-0546,2026-08-18,Fair7,Dior Sauvage,DioSau,roll-on,3.5,1,180.00,180.00,paid,
INV-0546,2026-08-18,Fair7,Good Girl,GooGir,roll-on,3.5,1,180.00,180.00,paid,
INV-0544,2026-08-18,Fair7,Blue berry,BluBer,roll-on,3.5,1,150.00,150.00,paid,
INV-0542,2026-08-18,Fair7,Valentino,Valen,roll-on,3.5,1,220.00,220.00,paid,
INV-0538,2026-08-17,Fair7,White Oud,WO,roll-on,3.5,1,180.00,180.00,paid,
INV-0535,2026-08-17,Fair7,Valentino,Valen,roll-on,3.5,1,220.00,220.00,paid,
INV-0536,2026-08-17,Fair7,Vampire B.,VampB,roll-on,3.5,1,170.00,170.00,paid,
INV-0537,2026-08-17,Fair7,Vanila,Vanil,roll-on,3.5,1,150.00,150.00,paid,
INV-0533,2026-08-16,Fair7,Ariana Grande thank you,AG-Thnk,roll-on,3.5,1,210.00,210.00,paid,
INV-0529,2026-08-16,Fair7,Fogg Spray,Fgg_SP,spray,6,1,250.00,250.00,paid,
INV-0531,2026-08-16,Fair7,Vanila,Vanil,roll-on,3.5,1,150.00,150.00,paid,
INV-0531,2026-08-16,Fair7,Good Girl,GooGir,roll-on,3.5,1,160.00,160.00,paid,
INV-0532,2026-08-16,Fair7,Vampire B.,VampB,roll-on,3.5,1,180.00,180.00,paid,
INV-0530,2026-08-16,Fair7,Fogg Spray,Fgg_SP,spray,6,6,250.00,1500.00,paid,
INV-0528,2026-08-11,Other,Vampire B.,VampB,roll-on,3.5,2,170.00,340.00,due,Azgor
INV-0527,2026-08-10,Other,Nautica voyage Spray,NV_SP,spray,6,1,250.00,250.00,paid,Atik
INV-0527,2026-08-10,Other,SRK Spray,SR_SP,spray,6,1,350.00,350.00,paid,Atik
INV-0526,2026-08-10,Other,Armanis.w.y Spray,ArmWy_SP,spray,50,1,1350.00,1350.00,paid,Anabil
INV-0525,2026-08-08,Other,Black Orchid,BLOr,roll-on,3.5,1,180.00,180.00,paid,Rafin
INV-0524,2026-08-07,Fair6,Burberry Her,BurH,roll-on,3.5,1,170.00,170.00,paid,
INV-0522,2026-08-07,Other,Nautica voyage Spray,NV_SP,spray,6,1,270.00,270.00,paid,Sajjad
INV-0523,2026-08-07,Other,Creed Aventus Spray,CreAve_SP,spray,6,1,300.00,300.00,paid,Sajjad
INV-0521,2026-07-28,Other,Fantasy Spray,Fant_SP,spray,6,1,270.00,270.00,paid,Anika
INV-0519,2026-07-12,Other,Vampire B.,VampB,roll-on,6,1,250.00,250.00,paid,Hridoy frnd
INV-0520,2026-07-12,Other,Vampire B.,VampB,roll-on,6,1,250.00,250.00,paid,Hridoy
INV-0518,2026-07-11,Other,Ameer Al oud,AmeOud,roll-on,6,1,140.00,140.00,paid,owne
INV-0517,2026-07-11,Other,White Oud,WO,roll-on,6,1,160.00,160.00,paid,Mohim
INV-0515,2026-07-09,Other,Luxe Special Spray,LUXE1_SP,spray,6,1,330.00,330.00,paid,Nafees
INV-0514,2026-07-09,Other,LOST Cherry Spray,LostChe_SP,spray,6,1,270.00,270.00,paid,Nafees
INV-0516,2026-07-09,Other,Burberry Her Spray,BurH_SP,spray,6,1,300.00,300.00,paid,Nafees
INV-0513,2026-07-07,Other,Luxe Special Spray,LUXE1_SP,spray,6,1,300.00,300.00,paid,
INV-0511,2026-07-07,Other,Burberry Her Spray,BurH_SP,spray,6,1,260.00,260.00,paid,ony
INV-0512,2026-07-07,Other,Luxe Special Spray,LUXE1_SP,spray,6,1,300.00,300.00,paid,
INV-0510,2026-07-06,Other,Nautica voyage,NV,roll-on,3.5,1,180.00,180.00,paid,Nafees
INV-0509,2026-07-06,Other,Ultra male,UltMal,roll-on,3.5,1,150.00,150.00,paid,Nafees
INV-0182,2026-06-27,Fair3,LOST Cherry,LostChe,roll-on,3.5,1,120.00,120.00,paid,
INV-0174,2026-06-27,Fair3,Good Girl,GooGir,roll-on,3.5,1,140.00,140.00,paid,
INV-0170,2026-06-27,Fair3,Vanila,Vanil,roll-on,3.5,1,150.00,150.00,paid,
INV-0176,2026-06-27,Fair3,LOST Cherry,LostChe,roll-on,3.5,1,120.00,120.00,paid,
INV-0184,2026-06-27,Fair3,Good Girl,GooGir,roll-on,3.5,1,150.00,150.00,paid,
INV-0172,2026-06-27,Fair3,kacha beli,KacBel,roll-on,3.5,1,120.00,120.00,paid,
INV-0188,2026-06-27,Fair4,victoriya secret,VicSec,roll-on,3.5,1,180.00,180.00,paid,
INV-0180,2026-06-27,Fair3,Vanila,Vanil,roll-on,3.5,1,150.00,150.00,paid,
INV-0168,2026-06-27,Fair3,LOST Cherry,LostChe,roll-on,3.5,1,100.00,100.00,paid,
INV-0166,2026-06-27,Fair3,Fantasy Spray,Fant_SP,spray,6,1,300.00,300.00,paid,
INV-0160,2026-06-27,Fair3,LOST Cherry,LostChe,roll-on,3.5,1,120.00,120.00,paid,
INV-0185,2026-06-27,Fair3,Vampire B.,VampB,roll-on,3.5,1,170.00,170.00,paid,
INV-0175,2026-06-27,Fair3,Good Girl,GooGir,roll-on,3.5,1,150.00,150.00,paid,
INV-0189,2026-06-27,Fair4,victoriya secret,VicSec,roll-on,3.5,1,180.00,180.00,paid,
INV-0173,2026-06-27,Fair3,Dior Sauvage,DioSau,roll-on,3.5,1,150.00,150.00,paid,
INV-0183,2026-06-27,Fair3,Chocolate,CoCo,roll-on,3.5,1,150.00,150.00,paid,
INV-0171,2026-06-27,Fair3,kacha beli,KacBel,roll-on,3.5,1,120.00,120.00,paid,
INV-0164,2026-06-27,Fair3,Dior Sauvage,DioSau,roll-on,6,1,270.00,270.00,paid,
INV-0169,2026-06-27,Fair3,kacha beli Spray,KacBel_SP,spray,6,1,280.00,280.00,paid,
INV-0181,2026-06-27,Fair3,LOST Cherry,LostChe,roll-on,3.5,1,120.00,120.00,paid,
INV-0167,2026-06-27,Fair3,Dunhil desire,DunDes,roll-on,3.5,1,120.00,120.00,paid,
INV-0187,2026-06-27,Fair3,SRK Spray,SR_SP,spray,6,1,400.00,400.00,paid,
INV-0165,2026-06-27,Fair3,Gucci Flora,GucFla,roll-on,3.5,1,150.00,150.00,paid,
INV-0179,2026-06-27,Fair3,Armanis.w.y,ArmWy,roll-on,3.5,1,120.00,120.00,paid,
INV-0161,2026-06-27,Fair3,Vampire B.,VampB,roll-on,3.5,1,170.00,170.00,paid,
INV-0163,2026-06-27,Fair3,Dior Sauvage,DioSau,roll-on,3.5,1,150.00,150.00,paid,
INV-0177,2026-06-27,Fair3,Chanel chance,ChaCha,roll-on,3.5,1,150.00,150.00,paid,
INV-0190,2026-06-27,Fair4,Dunhil desire Spray,DunDes_SP,spray,6,1,300.00,300.00,paid,
INV-0128,2026-06-27,Fair3,Chanel chance,ChaCha,roll-on,3.5,1,150.00,150.00,paid,
INV-0186,2026-06-27,Fair3,Dior Sauvage Spray,DioSau_SP,spray,6,1,320.00,320.00,paid,
INV-0178,2026-06-27,Fair3,Dior Sauvage,DioSau,roll-on,3.5,1,150.00,150.00,paid,
INV-0162,2026-06-27,Fair3,Dior Sauvage,DioSau,roll-on,3.5,1,150.00,150.00,paid,
INV-0141,2026-06-27,Fair3,Vanila Spray,Vanil_SP,spray,6,1,300.00,300.00,paid,
INV-0137,2026-06-27,Fair3,Vampire B.,VampB,roll-on,3.5,1,150.00,150.00,paid,
INV-0149,2026-06-27,Fair3,Dunhil desire,DunDes,roll-on,3.5,1,120.00,120.00,paid,
INV-0143,2026-06-27,Fair3,Fantasy,Fant,roll-on,3.5,1,120.00,120.00,paid,
INV-0133,2026-06-27,Fair3,victoriya secret,VicSec,roll-on,3.5,1,150.00,150.00,paid,
INV-0151,2026-06-27,Fair3,LOST Cherry,LostChe,roll-on,3.5,1,120.00,120.00,paid,
INV-0139,2026-06-27,Fair3,LOST Cherry Spray,LostChe_SP,spray,6,1,300.00,300.00,paid,
INV-0155,2026-06-27,Fair3,Vanila,Vanil,roll-on,3.5,1,130.00,130.00,paid,
INV-0135,2026-06-27,Fair3,Gucci Flora,GucFla,roll-on,3.5,1,150.00,150.00,paid,
INV-0147,2026-06-27,Fair3,LOST Cherry,LostChe,roll-on,3.5,1,120.00,120.00,paid,
INV-0253,2026-06-27,August,Vampire B.,VampB,roll-on,3.5,1,150.00,150.00,paid,
INV-0131,2026-06-27,Fair3,Chanel chance,ChaCha,roll-on,3.5,1,150.00,150.00,paid,
INV-0152,2026-06-27,Fair3,LOST Cherry,LostChe,roll-on,3.5,1,120.00,120.00,paid,
INV-0142,2026-06-27,Fair3,Good Girl,GooGir,roll-on,3.5,1,150.00,150.00,paid,
INV-0156,2026-06-27,Fair3,Davidoff Cool Water,DavCoo,roll-on,3.5,1,140.00,140.00,paid,
INV-0140,2026-06-27,Fair3,LOST Cherry Spray,LostChe_SP,spray,6,1,280.00,280.00,paid,
INV-0150,2026-06-27,Fair3,Dunhil desire,DunDes,roll-on,6,1,250.00,250.00,paid,
INV-0138,2026-06-27,Fair3,Good Girl Spray,GooGir_SP,spray,6,1,330.00,330.00,paid,
INV-0158,2026-06-27,Fair3,Fantasy,Fant,roll-on,3.5,1,120.00,120.00,paid,
INV-0136,2026-06-27,Fair3,Chocolate,CoCo,roll-on,3.5,1,130.00,130.00,paid,
INV-0148,2026-06-27,Fair3,Armanis.w.y,ArmWy,roll-on,3.5,1,120.00,120.00,paid,
INV-0134,2026-06-27,Fair3,LOST Cherry,LostChe,roll-on,3.5,1,120.00,120.00,paid,
INV-0154,2026-06-27,Fair3,Vampire B.,VampB,roll-on,3.5,1,170.00,170.00,paid,
INV-0132,2026-06-27,Fair3,Vampire B.,VampB,roll-on,3.5,1,170.00,170.00,paid,
INV-0146,2026-06-27,Fair3,Diptyque tam dao,DipTam,roll-on,3.5,1,170.00,170.00,paid,
INV-0144,2026-06-27,Fair3,LOST Cherry,LostChe,roll-on,3.5,1,120.00,120.00,paid,
INV-0130,2026-06-27,Fair3,Good Girl,GooGir,roll-on,3.5,1,150.00,150.00,paid,
INV-0159,2026-06-27,Fair3,LOST Cherry,LostChe,roll-on,3.5,1,120.00,120.00,paid,
INV-0157,2026-06-27,Fair3,Vampire B.,VampB,roll-on,3.5,1,170.00,170.00,paid,
INV-0153,2026-06-27,Fair3,LOST Cherry,LostChe,roll-on,3.5,1,120.00,120.00,paid,
INV-0145,2026-06-27,Fair3,Vampire B.,VampB,roll-on,3.5,1,170.00,170.00,paid,
INV-0129,2026-06-27,Fair3,Chocolate,CoCo,roll-on,3.5,1,120.00,120.00,paid,
INV-0236,2026-06-27,Fair4,Pure Seduction,PuSD,roll-on,3.5,1,120.00,120.00,paid,
INV-0232,2026-06-27,Fair4,Dior Sauvage,DioSau,roll-on,3.5,1,180.00,180.00,paid,
INV-0244,2026-06-27,Fair5,Aqua DI Gio,AquGio,roll-on,3.5,1,180.00,180.00,paid,
INV-0238,2026-06-27,Fair4,Pure Seduction,PuSD,roll-on,3.5,1,120.00,120.00,paid,
INV-0228,2026-06-27,Fair4,Dior Sauvage,DioSau,roll-on,3.5,1,180.00,180.00,paid,
INV-0246,2026-06-27,Fair5,Vanila,Vanil,roll-on,3.5,1,180.00,180.00,paid,
INV-0234,2026-06-27,Fair4,Blue berry,BluBer,roll-on,3.5,1,120.00,120.00,paid,
INV-0250,2026-06-27,August,Davidoff Cool Water,DavCoo,roll-on,3.5,1,140.00,140.00,paid,
INV-0230,2026-06-27,Fair4,Vampire B. Spray,VampB_SP,spray,6,1,330.00,330.00,paid,
INV-0242,2026-06-27,Fair5,Fantasy Spray,Fant_2_SP,spray,6,1,300.00,300.00,paid,
INV-0223,2026-06-27,Fair4,Gucci Flora,GucFla,roll-on,6,1,260.00,260.00,paid,
INV-0226,2026-06-27,Fair4,kacha beli,KacBel,roll-on,3.5,1,130.00,130.00,paid,
INV-0247,2026-06-27,Fair5,Ameer Al oud,AmeOud,roll-on,3.5,1,180.00,180.00,paid,
INV-0237,2026-06-27,Fair4,Chanel chance,ChaCha,roll-on,3.5,1,120.00,120.00,paid,
INV-0251,2026-06-27,August,Davidoff Cool Water,DavCoo,roll-on,3.5,1,110.00,110.00,paid,
INV-0235,2026-06-27,Fair4,Blue berry,BluBer,roll-on,3.5,1,120.00,120.00,paid,
INV-0245,2026-06-27,Fair5,Aqua DI Gio,AquGio,roll-on,3.5,1,180.00,180.00,paid,
INV-0233,2026-06-27,Fair4,LOST Cherry,LostChe,roll-on,3.5,1,150.00,150.00,paid,
INV-0254,2026-06-27,August,Gucci Flora Spray,GucFla_SP,spray,6,1,330.00,330.00,paid,
INV-0231,2026-06-27,Fair4,Dunhill Icon,DunIco,roll-on,3.5,1,200.00,200.00,paid,
INV-0243,2026-06-27,Fair5,Aqua DI Gio,AquGio,roll-on,6,1,250.00,250.00,paid,
INV-0229,2026-06-27,Fair4,Dior Sauvage,DioSau,roll-on,3.5,1,180.00,180.00,paid,
INV-0249,2026-06-27,Fair5,Good Girl Spray,GooGir_SP,spray,6,1,300.00,300.00,paid,
INV-0227,2026-06-27,Fair4,Dunhil desire,DunDes,roll-on,3.5,1,150.00,150.00,paid,
INV-0241,2026-06-27,Fair5,Burberry Her,BurH,roll-on,3.5,1,170.00,170.00,paid,
INV-0239,2026-06-27,Fair4,LOST Cherry,LostChe,roll-on,3.5,1,150.00,150.00,paid,
INV-0225,2026-06-27,Fair4,Burberry Her,BurH,roll-on,3.5,1,180.00,180.00,paid,
INV-0222,2026-06-27,Fair4,Dior Sauvage,DioSau,roll-on,6,1,260.00,260.00,paid,
INV-0252,2026-06-27,August,Blue berry,BluBer,roll-on,3.5,1,100.00,100.00,paid,
INV-0248,2026-06-27,Fair5,LOST Cherry,LostChe,roll-on,3.5,1,150.00,150.00,paid,
INV-0240,2026-06-27,Fair4,LOST Cherry,LostChe,roll-on,3.5,1,150.00,150.00,paid,
INV-0224,2026-06-27,Fair4,LOST Cherry,LostChe,roll-on,6,1,230.00,230.00,paid,
INV-0204,2026-06-27,Fair4,LOST Cherry,LostChe,roll-on,3.5,1,150.00,150.00,paid,
INV-0200,2026-06-27,Fair4,Chanel chance,ChaCha,roll-on,6,1,270.00,270.00,paid,
INV-0212,2026-06-27,Fair4,Vampire B.,VampB,roll-on,6,1,300.00,300.00,paid,
INV-0206,2026-06-27,Fair4,Vampire B.,VampB,roll-on,6,1,300.00,300.00,paid,
INV-0196,2026-06-27,Fair4,Good Girl,GooGir,roll-on,3.5,1,180.00,180.00,paid,
INV-0214,2026-06-27,Fair4,Gucci Flora,GucFla,roll-on,3.5,1,180.00,180.00,paid,
INV-0202,2026-06-27,Fair4,Prada Candy,PRCn,roll-on,6,1,330.00,330.00,paid,
INV-0218,2026-06-27,Fair4,Dior Sauvage,DioSau,roll-on,6,1,260.00,260.00,paid,
INV-0198,2026-06-27,Fair4,Burberry Her,BurH,roll-on,3.5,1,180.00,180.00,paid,
INV-0210,2026-06-27,Fair4,LOST Cherry,LostChe,roll-on,3.5,1,150.00,150.00,paid,
INV-0207,2026-06-27,Fair4,Creed Aventus,CreAve,roll-on,6,1,240.00,240.00,paid,
INV-0194,2026-06-27,Fair4,SRK Spray,SR_SP,spray,6,1,380.00,380.00,paid,
INV-0215,2026-06-27,Fair4,Vampire B.,VampB,roll-on,3.5,1,200.00,200.00,paid,
INV-0205,2026-06-27,Fair4,Vampire B.,VampB,roll-on,6,1,300.00,300.00,paid,
INV-0219,2026-06-27,Fair4,LOST Cherry,LostChe,roll-on,6,1,250.00,250.00,paid,
INV-0203,2026-06-27,Fair4,Good Girl,GooGir,roll-on,6,1,270.00,270.00,paid,
INV-0213,2026-06-27,Fair4,Ultra male,UltMal,roll-on,6,1,250.00,250.00,paid,
INV-0201,2026-06-27,Fair4,Miss Dior,MisDio,roll-on,3.5,1,180.00,180.00,paid,
INV-0221,2026-06-27,Fair4,Gucci Flora,GucFla,roll-on,6,1,180.00,180.00,paid,
INV-0199,2026-06-27,Fair4,LOST Cherry,LostChe,roll-on,6,1,250.00,250.00,paid,
INV-0211,2026-06-27,Fair4,Creed Aventus,CreAve,roll-on,3.5,1,150.00,150.00,paid,
INV-0197,2026-06-27,Fair4,Good Girl,GooGir,roll-on,3.5,1,180.00,180.00,paid,
INV-0217,2026-06-27,Fair4,Gucci Flora,GucFla,roll-on,3.5,1,170.00,170.00,paid,
INV-0195,2026-06-27,Fair4,Good Girl,GooGir,roll-on,6,1,270.00,270.00,paid,
INV-0209,2026-06-27,Fair4,Armanis.w.y,ArmWy,roll-on,3.5,1,150.00,150.00,paid,
INV-0191,2026-06-27,Fair4,LOST Cherry,LostChe,roll-on,6,1,250.00,250.00,paid,
INV-0193,2026-06-27,Fair4,Burberry Her,BurH,roll-on,6,1,330.00,330.00,paid,
INV-0220,2026-06-27,Fair4,Armanis.w.y,ArmWy,roll-on,6,1,250.00,250.00,paid,
INV-0216,2026-06-27,Fair4,LOST Cherry,LostChe,roll-on,3.5,1,140.00,140.00,paid,
INV-0208,2026-06-27,Fair4,Dior Sauvage,DioSau,roll-on,3.5,1,170.00,170.00,paid,
INV-0192,2026-06-27,Fair4,Aqua DI Gio,AquGio,roll-on,3.5,1,180.00,180.00,paid,
INV-0046,2026-06-27,Fair2,Dior Sauvage Spray,DioSau_SP,spray,6,1,300.00,300.00,paid,
INV-0042,2026-06-27,Fair2,Gucci Flora,GucFla,roll-on,3.5,1,150.00,150.00,paid,
INV-0054,2026-06-27,Fair2,Fantasy,Fant,roll-on,3.5,1,120.00,120.00,paid,
INV-0048,2026-06-27,Fair2,Dior Sauvage,DioSau,roll-on,3.5,1,150.00,150.00,paid,
INV-0038,2026-06-27,Fair2,Vampire B.,VampB,roll-on,3.5,1,150.00,150.00,paid,
INV-0056,2026-06-27,Fair2,Miss Dior,MisDio,roll-on,3.5,1,150.00,150.00,paid,
INV-0044,2026-06-27,Fair2,Vampire B.,VampB,roll-on,3.5,1,170.00,170.00,paid,
INV-0060,2026-06-27,Fair2,Blue berry,BluBer,roll-on,3.5,1,110.00,110.00,paid,
INV-0040,2026-06-27,Fair2,Red Tobaco,RedTob,roll-on,3.5,1,120.00,120.00,paid,
INV-0052,2026-06-27,Fair2,Good Girl,GooGir,roll-on,3.5,1,150.00,150.00,paid,
INV-0033,2026-06-27,Fair2,Vampire B.,VampB,roll-on,15,1,750.00,750.00,paid,
INV-0036,2026-06-27,Fair2,Vampire B.,VampB,roll-on,3.5,1,150.00,150.00,paid,
INV-0057,2026-06-27,Fair2,Vampire B. Spray,VampB_SP,spray,6,1,350.00,350.00,paid,
INV-0047,2026-06-27,Fair2,Luxe Special Spray,LUXE1_SP,spray,15,1,170.00,170.00,paid,
INV-0061,2026-06-27,Fair2,Vampire B.,VampB,roll-on,3.5,1,170.00,170.00,paid,
INV-0045,2026-06-27,Fair2,Aqua DI Gio,AquGio,roll-on,3.5,1,150.00,150.00,paid,
INV-0055,2026-06-27,Fair2,Blue berry,BluBer,roll-on,3.5,1,120.00,120.00,paid,
INV-0043,2026-06-27,Fair2,Blue berry,BluBer,roll-on,3.5,1,120.00,120.00,paid,
INV-0063,2026-06-27,Fair2,Vampire B.,VampB,roll-on,3.5,1,170.00,170.00,paid,
INV-0041,2026-06-27,Fair2,Vanila,Vanil,roll-on,3.5,1,140.00,140.00,paid,
INV-0053,2026-06-27,Fair2,Gucci Flora,GucFla,roll-on,3.5,1,150.00,150.00,paid,
INV-0039,2026-06-27,Fair2,Dior Sauvage,DioSau,roll-on,3.5,1,150.00,150.00,paid,
INV-0059,2026-06-27,Fair2,Good Girl,GooGir,roll-on,3.5,1,140.00,140.00,paid,
INV-0037,2026-06-27,Fair2,Davidoff Cool Water,DavCoo,roll-on,3.5,1,140.00,140.00,paid,
INV-0051,2026-06-27,Fair2,Good Girl,GooGir,roll-on,3.5,1,150.00,150.00,paid,
INV-0049,2026-06-27,Fair2,LOST Cherry,LostChe,roll-on,3.5,1,120.00,120.00,paid,
INV-0035,2026-06-27,Fair2,Gucci Flora,GucFla,roll-on,3.5,1,150.00,150.00,paid,
INV-0032,2026-06-27,Fair2,Fantasy,Fant,roll-on,3.5,1,120.00,120.00,paid,
INV-0062,2026-06-27,Fair2,Gucci Flora,GucFla,roll-on,3.5,1,150.00,150.00,paid,
INV-0058,2026-06-27,Fair2,Dior Sauvage,DioSau,roll-on,3.5,1,130.00,130.00,paid,
INV-0050,2026-06-27,Fair2,LOST Cherry Spray,LostChe_SP,spray,6,1,300.00,300.00,paid,
INV-0034,2026-06-27,Fair2,Gucci Flora,GucFla,roll-on,3.5,1,140.00,140.00,paid,
INV-0014,2026-06-27,Fair1,Vampire B.,VampB,roll-on,3.5,1,170.00,170.00,paid,
INV-0010,2026-06-27,Fair1,Fantasy,Fant,roll-on,6,1,230.00,230.00,paid,
INV-0022,2026-06-27,Fair1,Creed Aventus,CreAve,roll-on,3.5,1,120.00,120.00,paid,
INV-0016,2026-06-27,Fair1,Versace EROS,VerEros,roll-on,3.5,1,110.00,110.00,paid,
INV-0006,2026-06-27,Fair1,Vampire B.,VampB,roll-on,6,1,300.00,300.00,paid,
INV-0024,2026-06-27,Fair1,Fantasy Spray,Fant_SP,spray,6,1,300.00,300.00,paid,
INV-0012,2026-06-27,Fair1,Ultra male,UltMal,roll-on,3.5,1,100.00,100.00,paid,
INV-0028,2026-06-27,Fair2,Dior Sauvage,DioSau,roll-on,3.5,1,150.00,150.00,paid,
INV-0008,2026-06-27,Fair1,Blue de Chanel,BluCha,roll-on,3.5,1,140.00,140.00,paid,
INV-0020,2026-06-27,Fair1,Dunhil desire,DunDes,roll-on,3.5,1,120.00,120.00,paid,
INV-0001,2026-06-27,Fair1,Versace EROS,VerEros,roll-on,3.5,1,100.00,100.00,paid,
INV-0004,2026-06-27,Fair1,Vampire B.,VampB,roll-on,3.5,1,150.00,150.00,paid,
INV-0025,2026-06-27,Fair2,victoriya secret,VicSec,roll-on,3.5,1,120.00,120.00,paid,
INV-0015,2026-06-27,Fair1,Dunhil desire,DunDes,roll-on,3.5,1,120.00,120.00,paid,
INV-0029,2026-06-27,Fair2,Vampire B.,VampB,roll-on,3.5,1,170.00,170.00,paid,
INV-0013,2026-06-27,Fair1,Vampire B.,VampB,roll-on,3.5,1,150.00,150.00,paid,
INV-0023,2026-06-27,Fair1,Vanila Spray,Vanil_SP,spray,6,1,320.00,320.00,paid,
INV-0011,2026-06-27,Fair1,Blue berry,BluBer,roll-on,3.5,1,110.00,110.00,paid,
INV-0031,2026-06-27,Fair2,kacha beli,KacBel,roll-on,3.5,1,120.00,120.00,paid,
INV-0009,2026-06-27,Fair1,Blue berry,BluBer,roll-on,3.5,1,120.00,120.00,paid,
INV-0021,2026-06-27,Fair1,Fantasy,Fant,roll-on,3.5,1,120.00,120.00,paid,
INV-0007,2026-06-27,Fair1,Vampire B.,VampB,roll-on,6,1,280.00,280.00,paid,
INV-0027,2026-06-27,Fair2,Aqua DI Gio,AquGio,roll-on,3.5,1,150.00,150.00,paid,
INV-0005,2026-06-27,Fair1,Armanis.w.y Spray,ArmWy_SP,spray,6,1,280.00,280.00,paid,
INV-0019,2026-06-27,Fair1,victoriya secret Spray,VicSec_SP,spray,6,1,330.00,330.00,paid,
INV-0017,2026-06-27,Fair1,Versace EROS,VerEros,roll-on,3.5,1,110.00,110.00,paid,
INV-0003,2026-06-27,Fair1,Dunhill Icon,DunIco_2,roll-on,3.5,1,140.00,140.00,paid,
INV-0064,2026-06-27,Fair2,Vampire B.,VampB,roll-on,3.5,1,170.00,170.00,paid,
INV-0030,2026-06-27,Fair2,Good Girl,GooGir,roll-on,3.5,1,150.00,150.00,paid,
INV-0026,2026-06-27,Fair2,Vampire B. Spray,VampB_SP,spray,6,1,350.00,350.00,paid,
INV-0018,2026-06-27,Fair1,Vampire B.,VampB,roll-on,3.5,1,170.00,170.00,paid,
INV-0002,2026-06-27,Fair1,Blue berry,BluBer,roll-on,3.5,1,100.00,100.00,paid,
INV-0109,2026-06-27,Fair3,Dior Sauvage,DioSau,roll-on,3.5,1,150.00,150.00,paid,
INV-0105,2026-06-27,Fair3,Creed Aventus,CreAve,roll-on,3.5,1,120.00,120.00,paid,
INV-0117,2026-06-27,Fair3,Fantasy,Fant,roll-on,3.5,1,120.00,120.00,paid,
INV-0111,2026-06-27,Fair3,Blue berry,BluBer,roll-on,3.5,1,120.00,120.00,paid,
INV-0101,2026-06-27,Fair3,Vanila,Vanil,roll-on,3.5,1,150.00,150.00,paid,
INV-0119,2026-06-27,Fair3,Vanila,Vanil,roll-on,3.5,1,150.00,150.00,paid,
INV-0107,2026-06-27,Fair3,LOST Cherry,LostChe,roll-on,3.5,1,120.00,120.00,paid,
INV-0123,2026-06-27,Fair3,Armanis.w.y,ArmWy,roll-on,3.5,1,120.00,120.00,paid,
INV-0103,2026-06-27,Fair3,LOST Cherry,LostChe,roll-on,3.5,1,120.00,120.00,paid,
INV-0115,2026-06-27,Fair3,LOST Cherry,LostChe,roll-on,3.5,1,120.00,120.00,paid,
INV-0096,2026-06-27,Fair3,Miss Dior,MisDio,roll-on,3.5,1,140.00,140.00,paid,
INV-0099,2026-06-27,Fair3,Vanila,Vanil,roll-on,3.5,1,150.00,150.00,paid,
INV-0120,2026-06-27,Fair3,Chocolate,CoCo,roll-on,3.5,1,120.00,120.00,paid,
INV-0110,2026-06-27,Fair3,Fantasy Spray,Fant_2_SP,spray,6,1,300.00,300.00,paid,
INV-0124,2026-06-27,Fair3,Vampire B.,VampB,roll-on,3.5,1,170.00,170.00,paid,
INV-0108,2026-06-27,Fair3,Vampire B.,VampB,roll-on,3.5,1,170.00,170.00,paid,
INV-0118,2026-06-27,Fair3,Blue berry,BluBer,roll-on,3.5,1,120.00,120.00,paid,
INV-0106,2026-06-27,Fair3,LOST Cherry,LostChe,roll-on,3.5,1,120.00,120.00,paid,
INV-0126,2026-06-27,Fair3,Fantasy,Fant,roll-on,3.5,1,110.00,110.00,paid,
INV-0104,2026-06-27,Fair3,Blue berry,BluBer,roll-on,3.5,1,120.00,120.00,paid,
INV-0116,2026-06-27,Fair3,Good Girl,GooGir,roll-on,3.5,1,150.00,150.00,paid,
INV-0102,2026-06-27,Fair3,Blue berry,BluBer,roll-on,3.5,1,120.00,120.00,paid,
INV-0122,2026-06-27,Fair3,Blue berry,BluBer,roll-on,3.5,1,120.00,120.00,paid,
INV-0100,2026-06-27,Fair3,Fantasy,Fant,roll-on,3.5,1,120.00,120.00,paid,
INV-0114,2026-06-27,Fair3,Blue berry Spray,BluBer_SP,spray,6,1,300.00,300.00,paid,
INV-0112,2026-06-27,Fair3,Gucci Flora,GucFla,roll-on,3.5,1,150.00,150.00,paid,
INV-0098,2026-06-27,Fair3,Dior Sauvage,DioSau,roll-on,3.5,1,150.00,150.00,paid,
INV-0095,2026-06-27,Fair3,Ultra male,UltMal,roll-on,3.5,1,120.00,120.00,paid,
INV-0125,2026-06-27,Fair3,Chocolate,CoCo,roll-on,3.5,1,120.00,120.00,paid,
INV-0121,2026-06-27,Fair3,Blue berry Spray,BluBer_SP,spray,6,1,300.00,300.00,paid,
INV-0113,2026-06-27,Fair3,Vanila,Vanil,roll-on,3.5,1,130.00,130.00,paid,
INV-0097,2026-06-27,Fair3,Gucci Flora,GucFla,roll-on,3.5,1,150.00,150.00,paid,
INV-0077,2026-06-27,Fair2,Gucci Flora,GucFla,roll-on,3.5,1,140.00,140.00,paid,
INV-0073,2026-06-27,Fair2,Dior Sauvage,DioSau,roll-on,3.5,1,170.00,170.00,paid,
INV-0085,2026-06-27,Fair3,Good Girl Spray,GooGir_SP,spray,6,1,310.00,310.00,paid,
INV-0079,2026-06-27,Fair2,Fantasy,Fant,roll-on,3.5,1,120.00,120.00,paid,
INV-0069,2026-06-27,Fair2,Vampire B.,VampB,roll-on,3.5,1,160.00,160.00,paid,
INV-0087,2026-06-27,Fair3,LOST Cherry,LostChe,roll-on,3.5,1,120.00,120.00,paid,
INV-0075,2026-06-27,Fair2,Chanel chance,ChaCha,roll-on,3.5,1,150.00,150.00,paid,
INV-0091,2026-06-27,Fair3,Blue berry,BluBer,roll-on,3.5,1,120.00,120.00,paid,
INV-0071,2026-06-27,Fair2,Vampire B. Spray,VampB_SP,spray,15,1,850.00,850.00,paid,
INV-0083,2026-06-27,Fair3,Davidoff Cool Water,DavCoo,roll-on,6,1,250.00,250.00,paid,
INV-0080,2026-06-27,Fair3,Blue berry,BluBer,roll-on,3.5,1,120.00,120.00,paid,
INV-0067,2026-06-27,Fair2,LOST Cherry,LostChe,roll-on,3.5,1,120.00,120.00,paid,
INV-0088,2026-06-27,Fair3,Blue berry,BluBer,roll-on,3.5,1,120.00,120.00,paid,
INV-0078,2026-06-27,Fair2,Vampire B.,VampB,roll-on,15,1,750.00,750.00,paid,
INV-0092,2026-06-27,Fair3,Vampire B.,VampB,roll-on,3.5,1,170.00,170.00,paid,
INV-0076,2026-06-27,Fair2,Vampire B.,VampB,roll-on,3.5,1,170.00,170.00,paid,
INV-0086,2026-06-27,Fair3,LOST Cherry,LostChe,roll-on,3.5,1,120.00,120.00,paid,
INV-0074,2026-06-27,Fair2,Dior Sauvage,DioSau,roll-on,6,1,270.00,270.00,paid,
INV-0094,2026-06-27,Fair3,Vampire B.,VampB,roll-on,3.5,1,170.00,170.00,paid,
INV-0072,2026-06-27,Fair2,kacha beli,KacBel,roll-on,3.5,1,130.00,130.00,paid,
INV-0084,2026-06-27,Fair3,LOST Cherry,LostChe,roll-on,3.5,1,120.00,120.00,paid,
INV-0070,2026-06-27,Fair2,Vampire B. Spray,VampB_SP,spray,15,1,850.00,850.00,paid,
INV-0090,2026-06-27,Fair3,Davidoff Cool Water,DavCoo,roll-on,3.5,1,140.00,140.00,paid,
INV-0068,2026-06-27,Fair2,Fantasy,Fant,roll-on,3.5,1,120.00,120.00,paid,
INV-0082,2026-06-27,Fair3,Vampire B.,VampB,roll-on,3.5,1,160.00,160.00,paid,
INV-0127,2026-06-27,Fair3,Chanel chance,ChaCha,roll-on,3.5,1,140.00,140.00,paid,
INV-0066,2026-06-27,Fair2,LOST Cherry,LostChe,roll-on,3.5,1,120.00,120.00,paid,
INV-0093,2026-06-27,Fair3,Vampire B.,VampB,roll-on,3.5,1,170.00,170.00,paid,
INV-0089,2026-06-27,Fair3,Davidoff Cool Water,DavCoo,roll-on,3.5,1,140.00,140.00,paid,
INV-0081,2026-06-27,Fair3,Vanila,Vanil,roll-on,3.5,1,150.00,150.00,paid,
INV-0065,2026-06-27,Fair2,Vampire B.,VampB,roll-on,3.5,1,170.00,170.00,paid,
INV-0427,2026-06-27,December,Good Girl Spray,GooGir_SP,spray,6,1,200.00,200.00,paid,
INV-0423,2026-06-27,December,Ultra male,UltMal,roll-on,3.5,1,65.00,65.00,paid,
INV-0435,2026-06-27,December,Vampire B.,VampB,roll-on,6,1,250.00,250.00,paid,
INV-0429,2026-06-27,December,Prada Candy Spray,PRCn_SP,spray,6,1,200.00,200.00,paid,
INV-0419,2026-06-27,December,Dior Sauvage Spray,DioSau_SP,spray,30,1,250.00,250.00,paid,
INV-0437,2026-06-27,December,Vampire B.,VampB,roll-on,3.5,1,150.00,150.00,paid,
INV-0425,2026-06-27,December,White Oud,WO,roll-on,3.5,1,70.00,70.00,paid,
INV-0441,2026-06-27,December,Dunhil desire,DunDes,roll-on,3.5,1,100.00,100.00,paid,
INV-0421,2026-06-27,December,Davidoff Cool Water Spray,DavCoo_SP,spray,6,1,100.00,100.00,paid,
INV-0433,2026-06-27,December,CK-1,CK1,roll-on,6,1,230.00,230.00,paid,
INV-0414,2026-06-27,December,Vampire B.,VampB,roll-on,15,1,600.00,600.00,paid,
INV-0417,2026-06-27,December,Vampire B.,VampB,roll-on,6,1,250.00,250.00,paid,
INV-0438,2026-06-27,December,Versace EROS,VerEros,roll-on,3.5,1,100.00,100.00,paid,
INV-0428,2026-06-27,December,Burberry Her Spray,BurH_SP,spray,6,1,200.00,200.00,paid,
INV-0442,2026-06-27,December,Fogg,Fgg,roll-on,3.5,1,100.00,100.00,paid,
INV-0426,2026-06-27,December,Dunhill Icon,DunIco,roll-on,3.5,1,75.00,75.00,paid,
INV-0436,2026-06-27,December,Vampire B.,VampB,roll-on,6,1,250.00,250.00,paid,
INV-0424,2026-06-27,December,Hawas For Him,HFH,roll-on,3.5,1,70.00,70.00,paid,
INV-0444,2026-06-27,December,Versace EROS,VerEros,roll-on,15,1,160.00,160.00,paid,
INV-0422,2026-06-27,December,Versace EROS,VerEros,roll-on,3.5,1,60.00,60.00,paid,
INV-0434,2026-06-27,December,Blue de Chanel,BluCha,roll-on,6,1,250.00,250.00,paid,
INV-0420,2026-06-27,December,Dior Sauvage Spray,DioSau_SP,spray,6,1,100.00,100.00,paid,
INV-0440,2026-06-27,December,Dunhill Icon,DunIco,roll-on,3.5,1,150.00,150.00,paid,
INV-0418,2026-06-27,December,Vampire B.,VampB,roll-on,6,1,250.00,250.00,paid,
INV-0432,2026-06-27,December,Hawas For Him,HFH,roll-on,3.5,1,65.00,65.00,paid,
INV-0430,2026-06-27,December,Dunhill Icon,DunIco,roll-on,3.5,1,75.00,75.00,paid,
INV-0416,2026-06-27,December,Creed Aventus,CreAve,roll-on,6,1,250.00,250.00,paid,
INV-0413,2026-06-27,December,Dior Sauvage,DioSau,roll-on,15,1,550.00,550.00,paid,
INV-0443,2026-06-27,December,Hawas For Him,HFH,roll-on,3.5,1,150.00,150.00,paid,
INV-0439,2026-06-27,December,White Oud,WO,roll-on,3.5,1,100.00,100.00,paid,
INV-0431,2026-06-27,December,Diptyque tam dao,DipTam,roll-on,3.5,1,85.00,85.00,paid,
INV-0415,2026-06-27,December,Dior Sauvage Spray,DioSau_SP,spray,30,1,400.00,400.00,paid,
INV-0395,2026-06-27,Online,Dunhil desire,DunDes,roll-on,3.5,1,120.00,120.00,paid,
INV-0391,2026-06-27,November,Ahsas al Arabia,AhsAra,roll-on,6,1,70.00,70.00,paid,
INV-0403,2026-06-27,Online,Ultra male,UltMal,roll-on,3.5,1,150.00,150.00,paid,
INV-0397,2026-06-27,Online,Dunhil desire,DunDes,roll-on,3.5,1,120.00,120.00,paid,
INV-0387,2026-06-27,November,Prada Candy,PRCn,roll-on,3.5,1,70.00,70.00,paid,
INV-0405,2026-06-27,Online,Ameer Al oud,AmeOud,roll-on,3.5,1,150.00,150.00,paid,
INV-0393,2026-06-27,November,Fogg,Fgg,roll-on,3.5,1,50.00,50.00,paid,
INV-0409,2026-06-27,December,Creed absolute Spray,CreAbs_SP,spray,15,1,850.00,850.00,paid,
INV-0389,2026-06-27,November,Dior Sauvage,DioSau,roll-on,3.5,1,70.00,70.00,paid,
INV-0401,2026-06-27,Online,Dunhil desire,DunDes,roll-on,3.5,1,150.00,150.00,paid,
INV-0382,2026-06-27,November,Burberry Her,BurH,roll-on,3.5,1,75.00,75.00,paid,
INV-0385,2026-06-27,November,LOST Cherry,LostChe,roll-on,3.5,1,55.00,55.00,paid,
INV-0406,2026-06-27,December,Vampire B.,VampB,roll-on,3.5,1,200.00,200.00,paid,
INV-0396,2026-06-27,Online,Dunhil desire,DunDes,roll-on,3.5,1,120.00,120.00,paid,
INV-0410,2026-06-27,December,Dunhill Icon,DunIco,roll-on,6,1,250.00,250.00,paid,
INV-0394,2026-06-27,November,Vampire B.,VampB,roll-on,3.5,1,200.00,200.00,paid,
INV-0404,2026-06-27,Online,Armanis.w.y,ArmWy,roll-on,3.5,1,150.00,150.00,paid,
INV-0392,2026-06-27,November,White Oud,WO,roll-on,6,1,70.00,70.00,paid,
INV-0412,2026-06-27,December,CK-1,CK1,roll-on,15,1,400.00,400.00,paid,
INV-0390,2026-06-27,November,Ameer Al oud,AmeOud,roll-on,6,1,70.00,70.00,paid,
INV-0402,2026-06-27,Online,Versace EROS,VerEros,roll-on,3.5,1,150.00,150.00,paid,
INV-0388,2026-06-27,November,Hawas For Him,HFH,roll-on,3.5,1,180.00,180.00,paid,
INV-0408,2026-06-27,December,Creed absolute,CreAbs,roll-on,6,1,400.00,400.00,paid,
INV-0386,2026-06-27,November,Blue berry,BluBer,roll-on,3.5,1,75.00,75.00,paid,
INV-0400,2026-06-27,Online,victoriya secret Spray,VicSec_SP,spray,15,1,830.00,830.00,paid,
INV-0398,2026-06-27,Online,Dunhil desire,DunDes,roll-on,3.5,1,120.00,120.00,paid,
INV-0384,2026-06-27,November,Vanila,Vanil,roll-on,3.5,1,50.00,50.00,paid,
INV-0445,2026-06-27,December,Dior Sauvage Spray,DioSau_SP,spray,6,1,100.00,100.00,paid,
INV-0411,2026-06-27,December,Dunhill Icon Spray,DunIco_SP,spray,15,1,700.00,700.00,paid,
INV-0407,2026-06-27,December,victoriya secret Spray,VicSec_SP,spray,6,1,330.00,330.00,paid,
INV-0399,2026-06-27,Online,Dunhil desire,DunDes,roll-on,3.5,1,120.00,120.00,paid,
INV-0383,2026-06-27,November,Good Girl,GooGir,roll-on,3.5,1,75.00,75.00,paid,
INV-0490,2026-06-27,December,Paris Hilton,ParHil,roll-on,6,1,220.00,220.00,paid,
INV-0486,2026-06-27,December,Vampire B.,VampB,roll-on,3.5,1,200.00,200.00,paid,
INV-0498,2026-06-27,December,Creed absolute Spray,CreAbs_SP,spray,15,1,850.00,850.00,paid,
INV-0492,2026-06-27,December,Blue berry,BluBer,roll-on,3.5,1,100.00,100.00,paid,
INV-0482,2026-06-27,December,Dunhill Icon,DunIco,roll-on,6,1,300.00,300.00,paid,
INV-0500,2026-06-27,December,Vampire B.,VampB,roll-on,3.5,1,150.00,150.00,paid,
INV-0488,2026-06-27,December,Vampire B.,VampB,roll-on,6,1,250.00,250.00,paid,
INV-0504,2026-06-27,December,Fantasy,Fant,roll-on,6,1,250.00,250.00,paid,
INV-0484,2026-06-27,December,Dior Sauvage Spray,DioSau_SP,spray,30,1,350.00,350.00,due,
INV-0496,2026-06-27,December,Davidoff Cool Water Spray,DavCoo_SP,spray,15,1,750.00,750.00,paid,
INV-0477,2026-06-27,December,Hawas For Him,HFH,roll-on,6,1,300.00,300.00,paid,
INV-0480,2026-06-27,December,Vanila,Vanil,roll-on,3.5,1,180.00,180.00,paid,
INV-0501,2026-06-27,December,Creed Aventus,CreAve,roll-on,3.5,1,150.00,150.00,paid,
INV-0491,2026-06-27,December,White Oud,WO,roll-on,3.5,1,100.00,100.00,paid,
INV-0505,2026-06-27,December,Davidoff Cool Water,DavCoo,roll-on,15,1,750.00,750.00,paid,
INV-0489,2026-06-27,December,Ultra male,UltMal,roll-on,6,1,220.00,220.00,paid,
INV-0499,2026-06-27,December,SRK Spray,SR_SP,spray,15,1,950.00,950.00,paid,
INV-0487,2026-06-27,December,Ahsas al Arabia,AhsAra,roll-on,15,1,360.00,360.00,paid,
INV-0507,2026-06-27,December,Armanis.w.y Spray,ArmWy_SP,spray,30,1,1000.00,1000.00,paid,
INV-0485,2026-06-27,December,CK-1 Spray,CK1_SP,spray,30,1,250.00,250.00,paid,
INV-0497,2026-06-27,December,Creed absolute Spray,CreAbs_SP,spray,15,1,850.00,850.00,paid,
INV-0483,2026-06-27,December,Dior Sauvage,DioSau,roll-on,6,1,270.00,270.00,paid,
INV-0503,2026-06-27,December,Fantasy,Fant,roll-on,6,1,250.00,250.00,paid,
INV-0481,2026-06-27,December,Chocolate,CoCo,roll-on,3.5,1,180.00,180.00,paid,
INV-0495,2026-06-27,December,Davidoff Cool Water Spray,DavCoo_SP,spray,6,1,250.00,250.00,paid,
INV-0493,2026-06-27,December,Good Girl,GooGir,roll-on,3.5,1,100.00,100.00,paid,
INV-0479,2026-06-27,December,Ahsas al Arabia,AhsAra,roll-on,3.5,1,150.00,150.00,paid,
INV-0476,2026-06-27,December,Hawas For Him,HFH,roll-on,3.5,1,150.00,150.00,paid,
INV-0506,2026-06-27,December,Dior Sauvage,DioSau,roll-on,6,1,270.00,270.00,paid,
INV-0502,2026-06-27,December,Burberry Her,BurH,roll-on,6,1,300.00,300.00,paid,
INV-0494,2026-06-27,December,Davidoff Cool Water,DavCoo,roll-on,3.5,1,100.00,100.00,paid,
INV-0478,2026-06-27,December,Vampire B.,VampB,roll-on,3.5,1,200.00,200.00,paid,
INV-0458,2026-06-27,December,Versace EROS Spray,VerEros_SP,spray,100,1,1500.00,1500.00,paid,
INV-0454,2026-06-27,December,LOST Cherry Spray,LostChe_SP,spray,6,1,60.00,60.00,paid,
INV-0466,2026-06-27,December,Ultra male,UltMal,roll-on,3.5,1,150.00,150.00,paid,
INV-0460,2026-06-27,December,SRK Spray,SR_SP,spray,50,1,1500.00,1500.00,paid,
INV-0450,2026-06-27,December,Vampire B.,VampB,roll-on,6,1,250.00,250.00,paid,
INV-0468,2026-06-27,December,Hawas For Him Spray,HFH_SP,spray,6,1,250.00,250.00,paid,
INV-0456,2026-06-27,December,Dior Sauvage Spray,DioSau_SP,spray,30,1,250.00,250.00,paid,
INV-0472,2026-06-27,December,Vampire B.,VampB,roll-on,6,1,250.00,250.00,paid,
INV-0452,2026-06-27,December,Dunhill Icon,DunIco,roll-on,6,1,300.00,300.00,paid,
INV-0464,2026-06-27,December,Gucci Flora Spray,GucFla_SP,spray,6,1,250.00,250.00,paid,
INV-0461,2026-06-27,December,Hawas For Him,HFH,roll-on,6,1,310.00,310.00,paid,
INV-0448,2026-06-27,December,Hawas For Him,HFH,roll-on,6,1,330.00,330.00,paid,
INV-0469,2026-06-27,December,Vampire B.,VampB,roll-on,6,1,250.00,250.00,paid,
INV-0459,2026-06-27,December,Armanis.w.y Spray,ArmWy_SP,spray,6,1,230.00,230.00,paid,
INV-0473,2026-06-27,December,Vampire B.,VampB,roll-on,3.5,1,150.00,150.00,paid,
INV-0457,2026-06-27,December,Diptyque tam dao Spray,DipTam_SP,spray,30,1,320.00,320.00,paid,
INV-0467,2026-06-27,December,Armanis.w.y Spray,ArmWy_SP,spray,50,1,1120.00,1120.00,paid,
INV-0455,2026-06-27,December,Armanis.w.y Spray,ArmWy_SP,spray,30,1,180.00,180.00,paid,
INV-0475,2026-06-27,December,Vampire B.,VampB,roll-on,3.5,1,150.00,150.00,paid,
INV-0453,2026-06-27,December,Luxe Special Spray,LUXE1_SP,spray,15,1,130.00,130.00,paid,
INV-0465,2026-06-27,December,Hawas For Him,HFH,roll-on,6,1,300.00,300.00,paid,
INV-0451,2026-06-27,December,Vampire B.,VampB,roll-on,6,1,250.00,250.00,paid,
INV-0471,2026-06-27,December,Vampire B.,VampB,roll-on,6,1,250.00,250.00,paid,
INV-0449,2026-06-27,December,Vampire B.,VampB,roll-on,6,1,250.00,250.00,paid,
INV-0463,2026-06-27,December,Good Girl Spray,GooGir_SP,spray,6,1,280.00,280.00,paid,
INV-0381,2026-06-27,November,Chanel chance,ChaCha,roll-on,3.5,1,75.00,75.00,paid,
INV-0447,2026-06-27,December,Vampire B.,VampB,roll-on,6,1,270.00,270.00,paid,
INV-0474,2026-06-27,December,Vampire B.,VampB,roll-on,3.5,1,150.00,150.00,paid,
INV-0470,2026-06-27,December,Vampire B.,VampB,roll-on,6,1,250.00,250.00,paid,
INV-0462,2026-06-27,December,LOST Cherry Spray,LostChe_SP,spray,6,1,280.00,280.00,paid,
INV-0446,2026-06-27,December,CK-1,CK1,roll-on,6,1,230.00,230.00,paid,
INV-0300,2026-06-27,September,Vampire B.,VampB,roll-on,3.5,1,170.00,170.00,paid,
INV-0296,2026-06-27,September,Fantasy,Fant,roll-on,3.5,1,100.00,100.00,paid,
INV-0308,2026-06-27,September,Blue de Chanel,BluCha,roll-on,3.5,1,150.00,150.00,paid,
INV-0302,2026-06-27,September,Creed Aventus,CreAve,roll-on,3.5,1,110.00,110.00,paid,
INV-0292,2026-06-27,September,Blue de Chanel,BluCha,roll-on,3.5,1,150.00,150.00,paid,
INV-0310,2026-06-27,September,Fantasy,Fant,roll-on,6,1,250.00,250.00,paid,
INV-0298,2026-06-27,September,Gucci Flora,GucFla,roll-on,3.5,1,100.00,100.00,paid,
INV-0314,2026-06-27,September,victoriya secret Spray,VicSec_SP,spray,6,1,310.00,310.00,paid,
INV-0294,2026-06-27,September,Versace EROS,VerEros,roll-on,3.5,1,100.00,100.00,paid,
INV-0306,2026-06-27,September,Ultra male,UltMal,roll-on,3.5,1,110.00,110.00,paid,
INV-0287,2026-06-27,September,Versace EROS,VerEros,roll-on,3.5,1,110.00,110.00,paid,
INV-0290,2026-06-27,September,CK-1,CK1,roll-on,3.5,1,110.00,110.00,paid,
INV-0311,2026-06-27,September,Dunhil desire,DunDes,roll-on,6,1,250.00,250.00,paid,
INV-0301,2026-06-27,September,Davidoff Cool Water,DavCoo,roll-on,3.5,1,110.00,110.00,paid,
INV-0315,2026-06-27,September,Ultra male,UltMal,roll-on,3.5,1,100.00,100.00,paid,
INV-0299,2026-06-27,September,Blue berry,BluBer,roll-on,3.5,1,110.00,110.00,paid,
INV-0309,2026-06-27,September,Dior Sauvage,DioSau,roll-on,3.5,1,150.00,150.00,paid,
INV-0297,2026-06-27,September,Blue berry,BluBer,roll-on,3.5,1,100.00,100.00,paid,
INV-0317,2026-06-27,September,Red Tobaco,RedTob,roll-on,3.5,1,120.00,120.00,paid,
INV-0295,2026-06-27,September,LOST Cherry,LostChe,roll-on,3.5,1,100.00,100.00,paid,
INV-0307,2026-06-27,September,CK-1,CK1,roll-on,3.5,1,110.00,110.00,paid,
INV-0293,2026-06-27,September,Dior Sauvage,DioSau,roll-on,3.5,1,150.00,150.00,paid,
INV-0313,2026-06-27,September,Good Girl Spray,GooGir_SP,spray,6,1,310.00,310.00,paid,
INV-0291,2026-06-27,September,CK-1,CK1,roll-on,3.5,1,110.00,110.00,paid,
INV-0305,2026-06-27,September,Armanis.w.y,ArmWy,roll-on,3.5,1,110.00,110.00,paid,
INV-0303,2026-06-27,September,Dunhil desire,DunDes,roll-on,3.5,1,110.00,110.00,paid,
INV-0289,2026-06-27,September,Ultra male,UltMal,roll-on,3.5,1,110.00,110.00,paid,
INV-0286,2026-06-27,September,Dunhil desire,DunDes,roll-on,3.5,1,110.00,110.00,paid,
INV-0316,2026-06-27,September,Vanila,Vanil,roll-on,6,1,250.00,250.00,paid,
INV-0312,2026-06-27,September,Dior Sauvage,DioSau,roll-on,6,1,250.00,250.00,paid,
INV-0304,2026-06-27,September,Versace EROS,VerEros,roll-on,3.5,1,110.00,110.00,paid,
INV-0288,2026-06-27,September,Armanis.w.y,ArmWy,roll-on,3.5,1,110.00,110.00,paid,
INV-0268,2026-06-27,August,Blue berry,BluBer,roll-on,3.5,1,110.00,110.00,paid,
INV-0264,2026-06-27,August,Blue de Chanel,BluCha,roll-on,3.5,1,140.00,140.00,paid,
INV-0276,2026-06-27,August,Good Girl Spray,GooGir_SP,spray,6,1,310.00,310.00,paid,
INV-0270,2026-06-27,August,Dunhil desire,DunDes,roll-on,3.5,1,120.00,120.00,paid,
INV-0260,2026-06-27,August,Dior Sauvage,DioSau,roll-on,3.5,1,140.00,140.00,paid,
INV-0278,2026-06-27,August,Ultra male,UltMal,roll-on,6,1,250.00,250.00,paid,
INV-0266,2026-06-27,August,Vampire B.,VampB,roll-on,3.5,1,160.00,160.00,paid,
INV-0282,2026-06-27,September,Dunhil desire,DunDes,roll-on,3.5,1,110.00,110.00,paid,
INV-0262,2026-06-27,August,Armanis.w.y,ArmWy,roll-on,3.5,1,110.00,110.00,paid,
INV-0274,2026-06-27,August,SRK,SR2,roll-on,6,1,320.00,320.00,paid,
INV-0255,2026-06-27,August,Dunhil desire Spray,DunDes_SP,spray,15,1,700.00,700.00,paid,
INV-0258,2026-06-27,August,Vampire B.,VampB,roll-on,3.5,1,170.00,170.00,paid,
INV-0279,2026-06-27,September,Versace EROS,VerEros,roll-on,15,1,600.00,600.00,paid,
INV-0269,2026-06-27,August,Good Girl Spray,GooGir_SP,spray,6,1,330.00,330.00,paid,
INV-0283,2026-06-27,September,Versace EROS,VerEros,roll-on,3.5,1,110.00,110.00,paid,
INV-0267,2026-06-27,August,Davidoff Cool Water,DavCoo,roll-on,3.5,1,110.00,110.00,paid,
INV-0277,2026-06-27,August,Dior Sauvage,DioSau,roll-on,3.5,1,150.00,150.00,paid,
INV-0265,2026-06-27,August,Blue berry,BluBer,roll-on,3.5,1,100.00,100.00,paid,
INV-0285,2026-06-27,September,Ultra male,UltMal,roll-on,3.5,1,110.00,110.00,paid,
INV-0263,2026-06-27,August,Dior Sauvage,DioSau,roll-on,3.5,1,140.00,140.00,paid,
INV-0275,2026-06-27,August,Gucci Flora Spray,GucFla_SP,spray,6,1,300.00,300.00,paid,
INV-0261,2026-06-27,August,Versace EROS,VerEros,roll-on,3.5,1,110.00,110.00,paid,
INV-0281,2026-06-27,September,Ultra male,UltMal,roll-on,6,1,230.00,230.00,paid,
INV-0259,2026-06-27,August,Dior Sauvage,DioSau,roll-on,3.5,1,140.00,140.00,paid,
INV-0273,2026-06-27,August,victoriya secret,VicSec,roll-on,3.5,1,150.00,150.00,paid,
INV-0271,2026-06-27,August,Creed Aventus,CreAve,roll-on,3.5,1,120.00,120.00,paid,
INV-0257,2026-06-27,August,Blue de Chanel Spray,BluCha_SP,spray,6,1,300.00,300.00,paid,
INV-0318,2026-06-27,September,Vampire B.,VampB,roll-on,3.5,1,170.00,170.00,paid,
INV-0284,2026-06-27,September,Armanis.w.y,ArmWy,roll-on,3.5,1,110.00,110.00,paid,
INV-0280,2026-06-27,September,Davidoff Cool Water Spray,DavCoo_SP,spray,15,1,600.00,600.00,paid,
INV-0272,2026-06-27,August,LOST Cherry,LostChe,roll-on,3.5,1,120.00,120.00,paid,
INV-0256,2026-06-27,August,Dior Sauvage Spray,DioSau_SP,spray,6,1,300.00,300.00,paid,
INV-0363,2026-06-27,October,Paris Hilton,ParHil,roll-on,3.5,1,120.00,120.00,paid,
INV-0359,2026-06-27,October,Diptyque tam dao,DipTam,roll-on,6,1,300.00,300.00,paid,
INV-0371,2026-06-27,October,Davidoff Cool Water Spray,DavCoo_SP,spray,6,1,300.00,300.00,paid,
INV-0365,2026-06-27,October,Pure Seduction,PuSD,roll-on,3.5,1,150.00,150.00,paid,
INV-0355,2026-06-27,October,Baccarat rouge,BacRou,roll-on,6,1,250.00,250.00,paid,
INV-0373,2026-06-27,November,Dunhill Icon,DunIco,roll-on,3.5,1,75.00,75.00,paid,
INV-0361,2026-06-27,October,Fantasy Spray,Fant_SP,spray,6,1,270.00,270.00,paid,
INV-0377,2026-06-27,November,Blue de Chanel,BluCha,roll-on,3.5,1,170.00,170.00,paid,
INV-0357,2026-06-27,October,Dunhill Icon,DunIco,roll-on,3.5,1,160.00,160.00,paid,
INV-0369,2026-06-27,October,Diptyque tam dao,DipTam,roll-on,3.5,1,150.00,150.00,paid,
INV-0350,2026-06-27,October,Vampire B.,VampB,roll-on,3.5,1,170.00,170.00,paid,
INV-0353,2026-06-27,October,Red Tobaco,RedTob,roll-on,6,1,240.00,240.00,paid,
INV-0374,2026-06-27,November,CK-1,CK1,roll-on,6,1,230.00,230.00,paid,
INV-0364,2026-06-27,October,LOST Cherry,LostChe,roll-on,3.5,1,110.00,110.00,paid,
INV-0378,2026-06-27,November,Paris Hilton,ParHil,roll-on,6,1,260.00,260.00,paid,
INV-0362,2026-06-27,October,Good Girl Spray,GooGir_SP,spray,6,1,250.00,250.00,paid,
INV-0372,2026-06-27,November,Dunhill Icon,DunIco,roll-on,3.5,1,75.00,75.00,paid,
INV-0360,2026-06-27,October,Vampire B.,VampB,roll-on,3.5,1,150.00,150.00,paid,
INV-0380,2026-06-27,November,Paris Hilton,ParHil,roll-on,3.5,1,50.00,50.00,paid,
INV-0358,2026-06-27,October,Luxe Special Spray,LUXE1_SP,spray,15,1,800.00,800.00,paid,
INV-0370,2026-06-27,October,Ultra male,UltMal,roll-on,6,1,250.00,250.00,paid,
INV-0356,2026-06-27,October,Vampire B.,VampB,roll-on,3.5,1,160.00,160.00,paid,
INV-0376,2026-06-27,November,Blue de Chanel,BluCha,roll-on,3.5,1,170.00,170.00,paid,
INV-0354,2026-06-27,October,Ameer Al oud,AmeOud,roll-on,6,1,230.00,230.00,paid,
INV-0368,2026-06-27,October,SRK Spray,SR_SP,spray,6,1,370.00,370.00,paid,
INV-0366,2026-06-27,October,Fantasy,Fant,roll-on,3.5,1,110.00,110.00,paid,
INV-0352,2026-06-27,October,Dunhill Icon,DunIco,roll-on,3.5,1,170.00,170.00,paid,
INV-0349,2026-06-27,October,Diptyque tam dao,DipTam,roll-on,3.5,1,160.00,160.00,paid,
INV-0379,2026-06-27,November,Miss Dior,MisDio,roll-on,3.5,1,75.00,75.00,paid,
INV-0375,2026-06-27,November,Dior Sauvage Spray,DioSau_SP,spray,30,1,250.00,250.00,paid,
INV-0367,2026-06-27,October,Ultra male,UltMal,roll-on,3.5,1,110.00,110.00,paid,
INV-0351,2026-06-27,October,CK-1,CK1,roll-on,3.5,1,120.00,120.00,paid,
INV-0331,2026-06-27,September,Davidoff Cool Water,DavCoo,roll-on,3.5,1,120.00,120.00,paid,
INV-0327,2026-06-27,September,Ultra male,UltMal,roll-on,3.5,1,120.00,120.00,paid,
INV-0339,2026-06-27,October,Dior Sauvage,DioSau,roll-on,6,1,150.00,150.00,paid,
INV-0333,2026-06-27,September,Versace EROS,VerEros,roll-on,3.5,1,55.00,55.00,paid,
INV-0323,2026-06-27,September,victoriya secret,VicSec,roll-on,3.5,1,150.00,150.00,paid,
INV-0341,2026-06-27,October,Red Tobaco,RedTob,roll-on,3.5,1,100.00,100.00,paid,
INV-0329,2026-06-27,September,Dior Sauvage Spray,DioSau_SP,spray,6,1,250.00,250.00,paid,
INV-0345,2026-06-27,October,Vampire B.,VampB,roll-on,6,1,250.00,250.00,paid,
INV-0325,2026-06-27,September,Paris Hilton,ParHil,roll-on,3.5,1,130.00,130.00,paid,
INV-0337,2026-06-27,October,Creed Aventus,CreAve,roll-on,3.5,1,120.00,120.00,paid,
INV-0334,2026-06-27,September,Good Girl,GooGir,roll-on,3.5,1,65.00,65.00,paid,
INV-0321,2026-06-27,September,Fantasy,Fant,roll-on,3.5,1,120.00,120.00,paid,
INV-0342,2026-06-27,October,Dunhil desire,DunDes,roll-on,3.5,1,100.00,100.00,paid,
INV-0332,2026-06-27,September,victoriya secret Spray,VicSec_SP,spray,6,1,320.00,320.00,paid,
INV-0346,2026-06-27,October,Vampire B.,VampB,roll-on,3.5,1,150.00,150.00,paid,
INV-0330,2026-06-27,September,Blue de Chanel,BluCha,roll-on,3.5,1,150.00,150.00,paid,
INV-0340,2026-06-27,October,Diptyque tam dao,DipTam,roll-on,6,1,150.00,150.00,paid,
INV-0328,2026-06-27,September,Dior Sauvage,DioSau,roll-on,3.5,1,140.00,140.00,paid,
INV-0348,2026-06-27,October,Davidoff Cool Water,DavCoo,roll-on,3.5,1,120.00,120.00,paid,
INV-0326,2026-06-27,September,Luxe Special Spray,LUXE1_SP,spray,6,1,350.00,350.00,paid,
INV-0338,2026-06-27,October,Dunhil desire,DunDes,roll-on,6,1,100.00,100.00,paid,
INV-0324,2026-06-27,September,Aqua DI Gio,AquGio,roll-on,3.5,1,150.00,150.00,paid,
INV-0344,2026-06-27,October,Blue de Chanel,BluCha,roll-on,3.5,1,100.00,100.00,paid,
INV-0322,2026-06-27,September,victoriya secret,VicSec,roll-on,3.5,1,150.00,150.00,paid,
INV-0336,2026-06-27,October,Armanis.w.y,ArmWy,roll-on,3.5,1,120.00,120.00,paid,
INV-0508,2026-06-27,December,Nautica voyage Spray,NV_SP,spray,6,1,270.00,270.00,paid,
INV-0320,2026-06-27,September,Vampire B.,VampB,roll-on,3.5,1,170.00,170.00,paid,
INV-0347,2026-06-27,October,Dior Sauvage,DioSau,roll-on,3.5,1,140.00,140.00,paid,
INV-0343,2026-06-27,October,Aqua DI Gio,AquGio,roll-on,3.5,1,100.00,100.00,paid,
INV-0335,2026-06-27,October,LOST Cherry Spray,LostChe_SP,spray,6,1,250.00,250.00,paid,
INV-0319,2026-06-27,September,Blue berry,BluBer,roll-on,3.5,1,120.00,120.00,paid,